,latent_time
GAGTGGGACTGAGT,0.09524396806955338
AGACCTGACCTCCA,0.20349229872226715
ACAGTGTGCCCTCA,0.41731250286102295
AGTCCAGATAAGCC,0.2186204493045807
GGCGCATGTTGCGA,0.15370087325572968
TGCCAAGATTACCT,0.8663843274116516
GCCTCATGAACCGT,0.6821922063827515
CTGCAGCTTCAGTG,0.8586377501487732
TTAGGGTGGAGGCA,0.8888353109359741
TGCCACTGTCGCCT,0.7739708423614502
GGACCGTGGAAAGT,0.059980593621730804
ATCAAATGTTCTGT,0.07293620705604553
GCGGCAACGGTGTT,0.10525447875261307
GACAGTACGTCGAT,0.6537453532218933
GTTTAAGAGCCTTC,0.9163307547569275
GCGTAATGCGTACA,0.1324577033519745
CCAACCTGTTCGGA,0.4312645494937897
CCTGACTGTGGAAA,0.4928671717643738
ACGCAATGAACTGC,0.06792418658733368
CGGAATTGGCGATT,0.4944622814655304
GAAGCGGATGTCCC,0.2633074223995209
GCTATACTAAACGA,0.948862612247467
GTTAACCTGGATTC,0.058805618435144424
AACTCACTACCATG,0.47707778215408325
CGAAGGGAGTCTGA,0.06991676986217499
GTCGAATGACAGTC,0.5237098336219788
ACCTGGCTGCTAAC,0.17073896527290344
TCGCACTGCGTCTC,1.0
CTTGTATGACACGT,0.23106208443641663
GATAATACTGTCCC,0.06985457986593246
CCATAGGATGGATC,0.2277878075838089
ACCAACGACTTACT,0.2337312549352646
GACGATTGATCAGC-1,0.06835655868053436
TGAGCTGAGAGCAG,0.4524710774421692
CACTAACTTGTGGT,0.7334330677986145
TTCCATGATGTGGT,0.31322354078292847
CGTTATACCACTCC,0.07299158722162247
CTGACAGACATGCA,0.10955671221017838
GGGCCATGTGGTGT,0.3436521589756012
CGTTAGGATCCTTA,0.34970948100090027
TTTCGAACGGACGA,0.23584863543510437
GAGGGATGGTTGGT,0.2665354907512665
TAGAGAGAGTACAC,0.18838846683502197
CGGACCGACAGATC,0.3536992073059082
TGATTCTGTGTCAG,0.20999400317668915
TCGAGCCTACGGGA,0.4170965254306793
CACATGGATCGTTT,0.4541725218296051
GATTTAGAGTAAAG,0.45352575182914734
TTCCCACTCTGTCC,0.895748496055603
TTCAAAGATTGACG,0.1402415782213211
TAGCTACTGCTTAG,0.49620598554611206
GGAACTACGACTAC,0.7510025501251221
CTAGTTTGCCGAAT,0.8160638213157654
GTCGCACTCAACCA,0.12841282784938812
CTCCATCTAGAGTA,0.5067408680915833
CCGGTACTTTCACT,0.1088905856013298
CGACTCACGACGAG,0.2021990716457367
AGGTGGGAAGGAGC,0.8230040073394775
GAGCAGGAGAGGAC,0.15337984263896942
AAGACAGACCCGTT,0.2470649927854538
GGGCCAACTCTACT,0.23290705680847168
GATTACCTTTGGCA,0.13809512555599213
GATTCGGATGCCTC,0.6089430451393127
ATAGAACTTGACAC,0.7281329035758972
AATCTCTGAGGTTC,0.7766503095626831
TCACCTCTTATGCG,0.5618074536323547
GGAATGCTCGACAT,0.2114580273628235
GATACTCTATCTCT,0.12295974045991898
GTGCTAGAGTGTTG,0.8537354469299316
TGACACGAGATACC,0.2790301442146301
CGGCACGAGGGAGT,0.8041597604751587
GGGACCTGGTATCG,0.981596827507019
TGGACTGACCTTCG,0.4343935251235962
AATTCCTGCTGTAG,0.08092644065618515
AGTTTCACATGACC,0.7638102769851685
AGAATGGAGGAAAT,0.3578653931617737
TGCCACTGCCTTGC,0.8875590562820435
TTGGGAACCTGGTA,0.24937477707862854
ACAAGCACCGCCTT,0.38010692596435547
GCACAATGAGAGTA,0.40154364705085754
CACTCTCTGGTCAT,0.7814793586730957
TCCCATCTGACGAG,0.20089620351791382
ACACGAACTTCGTT,0.05802839249372482
ACCACAGATTCAGG,0.06429257243871689
GTCCACTGCTCAAG,0.31941020488739014
TGCCCAACCTAGAC,0.17168951034545898
GTCCCATGCCTTCG,0.23495598137378693
TTCCATGAAGTTCG,0.11222217977046967
TAGGTCGAGGCGAA,0.47579193115234375
CGACGTCTCGACAT,0.2529045343399048
GTAGTGACACTACG,0.06412597000598907
GAGTCAACGAGGGT,0.1877816617488861
ACGGTCCTTTTCAC,0.4356571137905121
CGCCTAACTCTTAC,0.39326012134552
TCGACCTGGCTACA,0.1293809413909912
CCTCATCTCTAAGC,0.11013505607843399
ACGGCTCTCAAGCT,0.24855002760887146
GATCCGCTGCGATT,0.20115746557712555
GGGCACACAGGCGA,0.43787145614624023
ACTTCCCTGGTAAA,0.09348388016223907
TGTGATCTCAGAGG,0.1607704758644104
CAAGGTTGCTGCTC,0.22125431895256042
TATCGTACAGAGTA,0.9211313128471375
TCATCCCTACCACA,0.591519296169281
CGACTGCTTGTTCT,0.9347392320632935
GTTATAGACGTAGT,0.15751636028289795
TTTCAGTGACTCAG,0.2005809247493744
ATCTGACTTGAGAA,0.3946223556995392
AGGTTGTGGTCGTA,0.6600452065467834
CAGCGGACTGCCAA,0.23506595194339752
ATAACATGCTACCC,0.3915788531303406
CTTAGACTCCCTTG,0.28422901034355164
GACGAGGACATGCA,0.3676010072231293
TTTCCAGACTTCGC,0.11384818702936172
CAAACTCTCAATCG,0.07314486801624298
CGGAATTGTAGAGA,0.7755317091941833
TAGGAGCTCCAACA,0.1740296334028244
CACATACTGGTCTA,0.8523468971252441
GCTTGAGAGAGACG,0.40771621465682983
CCAGTCACCCTGAA,0.36168667674064636
AGCGATACGTCCTC,0.09395390748977661
GAAAGATGCTCCCA,0.7692312002182007
CGGCCAGAATCGGT,0.1321062445640564
GCAGATACAGTAGA,0.9022738933563232
ATCGAGTGACCACA,0.10873351991176605
TATGGTCTCGACAT,0.08007782697677612
GTTGAGTGCTTGTT,0.08202347159385681
CAAAGCACCGTTGA,0.06770547479391098
GGAAGGTGCGAGAG,0.43419042229652405
TCTCCACTCTTCTA,0.40495648980140686
CAGGTATGAGCATC,0.7901704907417297
CCACCATGTGCTGA,0.07048532366752625
CACTTAACCGGTAT,0.8914296627044678
GACGGCACGTAGCT,0.24057723581790924
CGACGTCTATCAGC,0.3769446611404419
CATCGGCTCTAGAC,0.9052110314369202
GGAAGGACTCGCTC,0.08523648977279663
ACTGTTACTGCAAC,0.08560692518949509
TATAGCCTCTACCC,0.5499035716056824
CATTTGACCCTTGC,0.7328095436096191
GGTCAAACGTCTGA,0.8754193186759949
ATCACTACCAGTTG,0.915169358253479
GCGCACGAAAGCCT,0.07530481368303299
TGCCAGCTATCGGT,0.8896088600158691
ACTCTATGGGTTAC,0.3988116681575775
CATTTGACTCCTAT,0.2547869086265564
TTGGAGACAGAGAT,0.3061515986919403
GGTAAAGATCCCGT,0.8088072538375854
CAGCTAGAAATGCC,0.25688856840133667
CCAAGTGAGTATGC,0.9019007682800293
CAGATGACGCTACA,0.21289385855197906
CGTAACGATTTCTG,0.08410719037055969
GTGACCCTGGGACA,0.2658459544181824
TCGCACTGTCTCGC,0.07233226299285889
ACAGCAACCGAGAG,0.5823816061019897
CGGAATTGGCTACA,0.2220793217420578
CTGGATGACGCCTT,0.8734273910522461
ACTTAGCTTGGTTG,0.21591691672801971
ATTGGTCTGCCCTT,0.13500958681106567
CTATAGCTGGCAAG,0.9553042054176331
CTAAGGTGACACGT,0.2799254059791565
CAAGAAGACTCAAG,0.11009761691093445
TCCTATGATCCCGT,0.37816834449768066
TGGCACCTCCACAA,0.9337840676307678
ATCAGGTGTTTACC,0.18804243206977844
CGATCAGAAAAGCA,0.21242068707942963
GTGTCAGAAAGCCT,0.07605909556150436
TGGGTATGAAGCCT,0.8394978642463684
TAGGACTGGGTAGG,0.38988178968429565
CAGTCAGATGTTTC,0.2867472171783447
TGCGCACTATGGTC,0.5621200799942017
GGTATCGAGGGCAA,0.06630616635084152
AGGTACTGACCAAC,0.6812756061553955
GCCTGACTTCGATG,0.2110457867383957
CATTTGTGTGAGGG,0.14744631946086884
AACATATGGGTACT,0.82795649766922
TAAGCGTGACCCTC,0.22816970944404602
TTTAGCTGCCTCGT,0.34917134046554565
TGGATTCTTAGCCA,0.07611552625894547
TTATTCCTTCCTCG,0.35210251808166504
AATCTCTGGTATGC,0.8357800245285034
TCAGTTACGACGTT,0.2912488281726837
GCCTGACTATGTGC,0.9242615699768066
CGTCAAGATTGCGA,0.8568185567855835
ACCACCTGACACGT,0.39158231019973755
TCAGCAGACCCACT,0.9917826652526855
CAACAGACGTAAGA,0.16649559140205383
TCAAGTCTCTTCTA,0.7821035385131836
TGAGCAACACGGAG,0.08631814271211624
AGTAATTGGTCACA,0.16014531254768372
AATTGTGAGAGGAC,0.09698426723480225
GATGCCCTGTGTCA,0.251630574464798
GAAGAATGTCTCCG,0.964219868183136
GAGTTGTGCATGGT,0.0
CCATTAACGAATGA,0.26996910572052
CAAGCATGACCAAC,0.1620033085346222
GTGGTAACTTCTAC,0.42174339294433594
TCTTCAGATGCCCT,0.09132839739322662
AACAGAGACTCTAT,0.16557104885578156
CTATCATGTGACTG,0.927763044834137
CTAATGCTTTCTAC,0.16414791345596313
AGGGAGTGCCCTAC,0.7172465324401855
ATCGACGATTGGTG,0.2604510188102722
AACATTGAGGTGAG,0.6351335644721985
CTATTGTGTCACCC,0.3603649139404297
TTGAGGTGCCTAAG,0.45920899510383606
CGAGAACTTCCCGT,0.25372469425201416
ATGAAGGACTCCCA,0.2387700378894806
ATAACCCTCTCCCA,0.5278704166412354
ATCATCTGGGAAGC,0.03198922052979469
TATCAGCTCTTGCC,0.0636451467871666
ATGAGAGATTCAGG,0.1015334501862526
AAATGGGACAAAGA,0.7941181659698486
TACGACGAGTTCTT,0.0935416966676712
CCTAAGGAACAGTC,0.15211477875709534
GAGTACACGTCTAG,0.265363872051239
AGTTTGCTGGTTTG,0.07157134264707565
GATGCATGACAGTC,0.9906828999519348
ACTGGCCTTCAGGT,0.04054654389619827
GCATCAGACATCAG,0.11192414164543152
CGGACCGAAACTGC,0.2751905024051666
GATTGGTGACCAAC,0.2596563994884491
AGTACGTGCTCGCT,0.37945690751075745
ATCCGCACCCTTTA,0.9952837824821472
CGTTAGGAGTGTTG,0.24311096966266632
CATATAGACAGAGG,0.25339972972869873
ATCACTTGCGACAT,0.1454787403345108
AATTCCTGGCTCCT,0.693299412727356
CCTCGAACTCTGGA,0.24469777941703796
GTCAACGATGAAGA,0.06171076372265816
TCGTAGGATGAGCT,0.3967563509941101
GTTTAAGATGTGCA,0.17488685250282288
TGGAAAGAGTCGAT,0.0479562021791935
TCCCATCTAAGTGA,0.23701642453670502
CACACCTGTGTAGC,0.4922902286052704
GACTGAACGGAGGT,0.06383003294467926
TACTACTGCCAGTA,0.9662744998931885
CCAACCTGCTCGAA,0.13989634811878204
AGTGACACCCCACT,0.38243693113327026
TGCCCAACTACGAC,0.25721314549446106
TAAAGACTGCCCTT,0.07005757093429565
CTGTAACTCTAAGC,0.23045718669891357
ACGCTCACTGGAAA,0.9676176905632019
TTGTAGCTTACTCT,0.0110452426597476
CTGTGAGACTCCAC,0.908246636390686
CTAGGTGAACGGGA,0.41635438799858093
ATGGGTACTTCCCG,0.3895072340965271
TTGATCTGGATGAA,0.8543089628219604
TAGTAATGGACGTT,0.3124643564224243
AGGGCGCTTTCTAC,0.10618174821138382
ACAGGTACACGGGA,0.9333457350730896
TGAGGACTCCCACT,0.2483176738023758
GTGACAACCAAAGA,0.43864813446998596
CCGTACACGGTTAC,0.12000303715467453
CAGAGGGAGGAAGC,0.6859809756278992
AACCCAGAAGTGCT,0.20526061952114105
TTATGGCTTATCGG,0.072537362575531
CGGCCAGACATTCT,0.982130765914917
AAGGTCTGTTGTGG,0.15013228356838226
ATTGAATGAATGCC,0.05766148492693901
TATAGCCTAGCAAA,0.7660179138183594
AATTCCTGTGTGCA,0.29292210936546326
GAAGCTTGGTTGTG,0.8334172964096069
AGGGAGTGAGCAAA,0.4496053159236908
AGAAGATGAAAACG,0.28839120268821716
CTGTAACTCTTTAC,0.19330942630767822
ACAGGTACACTCTT,0.9065626859664917
CACGATGAACGGTT,0.34666892886161804
TCCAGAGATAAAGG,0.1102234274148941
AGATCGTGAAAAGC,0.1724463552236557
TGCAATCTGGGACA,0.4341169595718384
TATAAGTGGACACT,0.22623848915100098
TCCGAGCTCTCTCG,0.04162785783410072
CGGAGGCTTCAGAC,0.06535825878381729
TACGTACTTTGTCT,0.05576718598604202
CCAGAAACCATACG,0.25382325053215027
CTACCTCTTGCGTA,0.14809423685073853
CAACCAGACATCAG,0.1542169451713562
CTGGAAACTGTAGC,0.8683391213417053
AAGAATCTCTGATG,0.25249144434928894
CCTCGAACCGAATC,0.30727052688598633
CGGTCACTGAGGTG,0.16790276765823364
GCAAACTGTCGCTC,0.401960551738739
TGATTCACCATTTC,0.4014682471752167
AACTGTCTTCCTAT,0.1968962401151657
GTTAACCTCCTTTA,0.11587576568126678
ATTGCGGATCTTTG,0.12154975533485413
ATACCTTGGCAGAG,0.804785966873169
ACAGTCGATCCAGA,0.27738794684410095
GATGACACAAAAGC,0.360331654548645
AGACGTACTCTAGG,0.15273885428905487
AAGAATCTTCCTCG,0.13254518806934357
GAGCGCACTGCATG,0.21622899174690247
GCTTGAGAGTCGAT,0.07288304716348648
CTACCTCTGAGAGC,0.1376403123140335
GTCGACCTATGACC,0.16491147875785828
GGAAGGACAGGCGA,0.2496252954006195
CTGGATGACCTCCA,0.28475135564804077
ACTACGGATATGGC,0.16366705298423767
CATTGTACTCCGAA,0.9470028877258301
CTATTGTGCACCAA,0.8695438504219055
ATTCGACTAAAGTG,0.25013431906700134
ATAGTCCTGACGAG,0.2830536365509033
TAGCCCACCCTCAC,0.8254377245903015
ACGTGCCTGCGAGA,0.3629377484321594
GATCCCTGCAGAAA,0.48983994126319885
ATCACGGACTGGAT,0.3842639923095703
ACGGAGGACCTTTA,0.9727795720100403
GCATCAGATATTCC,0.07209456712007523
ACAATCCTCTCCCA,0.07647965848445892
AGAGGTCTTGAGCT,0.5635875463485718
CAATAAACACTGTG,0.2543334662914276
ACGTTACTGGTAAA,0.48120689392089844
ATGCAGACCCTTTA,0.09669925272464752
TAACCGGAACTCTT,0.9598922729492188
CTTTCAGAGAGGGT,0.11434073001146317
TTACCATGTGCAGT,0.9895734786987305
TGGAACTGACGTTG,0.09118914604187012
GGACGCTGGCTGAT,0.30900341272354126
ATGTAAACCTATTC,0.06380961090326309
GGGACCACTCTTTG,0.9704359173774719
TAGGTGACTCTCAT,0.26669633388519287
AGCTTACTGCTTAG,0.1893283873796463
GCAGGGCTGCTAAC,0.04363321140408516
GTTACGGAAAGAGT,0.06736390292644501
TCTTCAGATGGAAA,0.17388340830802917
TTTCACGACTGGTA,0.8129703998565674
TGCGATGACCTTGC,0.9259232878684998
TCAGGATGCGGTAT,0.4266948401927948
AAACGCACTCACGA,0.24890215694904327
GCACCTACTTTCGT,0.09308638423681259
TTCTGATGCCTAAG,0.15170715749263763
CACCGTACTTGTGG,0.5418907403945923
AGAACAGACATGCA,0.1539163887500763
CAGACAACCAGGAG,0.3153133988380432
ACTTCCCTGTAGCT,0.87213134765625
AAGCCTGAACCTGA,0.07852698862552643
TGGTCAGAATGCCA,0.4792034327983856
GACAGTACTCTCGC,0.7988841533660889
AGGTGGGAGGAGGT,0.4130190908908844
GTTAGTCTCCACAA,0.5710360407829285
CCCAGTTGTGCACA,0.07754450291395187
GTCTAGGAATCTTC,0.24227139353752136
GGAGACGAAGAGAT,0.08139806240797043
TATAGCCTCCTTCG,0.4594454765319824
AAGGCTTGCGTCTC,0.9465824365615845
ACCATTACTGTAGC,0.10029607266187668
ACAAATTGTGCTCC,0.13509631156921387
AGTTATGAGAAAGT,0.17938435077667236
GACCTAGACAAGCT,0.2850726246833801
CACTAGGAAGGCGA,0.6755616664886475
GATTGGTGCACTAG,0.128703311085701
CGTACAGATTTCAC,0.5077691078186035
TCCGGACTCATTGG,0.8807936310768127
GGACAGGAGCGTAT,0.3734282851219177
ATGTCGGATCGTGA,0.8645365238189697
ATCAGGTGAGTGTC,0.3960654139518738
TATGGGACGTTGCA,0.05888205021619797
TTGGAGACTCGATG,0.5876767635345459
GGGCCAACTGGTTG,0.22450385987758636
ATAACATGGAACTC,0.8352729678153992
AACCTACTCCTGTC,0.1942688375711441
TATCCTGACTACTT-1,0.7877541780471802
AGCATCGATCACGA,0.0911720022559166
ATCCTAACTTCACT,0.04451439157128334
GGACGCACCAGATC,0.13702082633972168
AGAAGATGTTTCTG,0.3853186070919037
AGGATAGATCACCC,0.12537990510463715
CGCGGATGGTTAGC,0.9747499823570251
TGGTTACTTCCTTA,0.24986892938613892
TTCGAGGAGAATCC,0.11268850415945053
CCTAAGGACCGCTT,0.15235134959220886
CTAACTACCCGCTT,0.07701153308153152
GACCAAACGAAAGT,0.7352806925773621
CGAAGTACCCACAA,0.6071154475212097
ATGGTGACATAAGG,0.5525592565536499
TGTAGTCTTCCCGT,0.4855278730392456
TACTGTTGGGACTT,0.12167828530073166
AGCGCTCTCCTGAA,0.06715763360261917
CGTTAGGATGGAAA,0.25603094696998596
CGTTAACTGCCAAT,0.24404652416706085
CTAAGGACTTCCGC,0.24988900125026703
TAGGGACTGTCATG,0.5570352673530579
GGACTATGAAACAG,0.2402680218219757
CAACGTGATGCTCC,0.49286606907844543
GAGTGACTAACCTG,0.8968951106071472
CTATTGTGTGCCTC,0.1536935567855835
AGGACACTTGGATC,0.6051992177963257
AGAGAATGACACTG,0.401481956243515
CCTCTACTTGCAGT,0.2191716581583023
ATCGCCACGCTGTA,0.037797749042510986
TACACACTTACGAC,0.06317911297082901
GGACCGTGGGTAGG,0.7763752341270447
ATACTCTGCTGAGT,0.9929271936416626
TCAGTACTTAGAGA,0.789634108543396
CACGACCTGGCATT,0.29735326766967773
ACGCACCTATGTCG,0.1577477604150772
ACCCGTACGTTGTG,0.4081786870956421
ACGGAACTACCCAA,0.7974488735198975
CAATGGACGTTCTT,0.07045628875494003
GACGAGGAAGTCAC,0.7886196374893188
CCCTGATGACGGAG,0.41159573197364807
ATAACAACAGGTTC,0.1729041039943695
GATCCCTGCAACTG,0.15762783586978912
GACGCTCTTCGACA,0.24112634360790253
TACGTTACTCGACA,0.6938125491142273
AATAGGGACTCATT,0.07006290555000305
ATTGTCTGTTTCAC,0.2612956464290619
CACTAACTTCTTCA,0.12991870939731598
AACTCACTGAGAGC,0.4173904061317444
CTTGAGGACCACCT,0.08786637336015701
GCACTGCTGCTGAT,0.40592697262763977
GCGAGAGACCTCAC,0.2772788405418396
GCCGACGATACGAC,0.5042632818222046
ACGGATTGCTGTTT,0.07870305329561234
GGATGTACCCAGTA,0.1078379675745964
AAACGCTGAAGATG,0.2340727001428604
CACAACGAATGTCG,0.9479094743728638
AATTGTGATCTAGG,0.698811948299408
CGGTAAACCTCGCT,0.3170304596424103
TGAGGTACTGTTTC,0.3551015555858612
TCACCTCTCCTAAG,0.9282947778701782
TACCGGCTCCCGTT,0.3559395670890808
GGCTAAACAGCCAT,0.814522922039032
TAAGCGTGATCGAC,0.3690594434738159
TTTCAGTGCGAGTT,0.8755689859390259
TTAGGGTGAACCAC,0.27057862281799316
AACGCAACGAACTC,0.9307008981704712
TAGCGATGCGCCTT,0.07510959357023239
TTAGTCTGAAGTAG,0.23758351802825928
AAATTCGATCTCGC,0.69972163438797
CGGAGGCTGTACAC,0.1386471688747406
TGGTCAGAGTTCAG,0.05746672675013542
ACGTTTACCAGCTA,0.38818734884262085
ACTACGGAGACGGA,0.07332652062177658
GCCTCATGCCTCCA,0.07236877828836441
TGGAAGCTCCTTAT,0.24753712117671967
TCTAGACTCTTGCC,0.057361677289009094
TGCGTAGAAACAGA,0.36822509765625
ATGTCGGAACCATG,0.10151705890893936
ATGCCGCTGTAGCT,0.2178250402212143
CTAATAGACCTGTC,0.3570494055747986
CTACTCCTTTCGCC,0.12239252775907516
AGTTCTACGTCATG,0.043118856847286224
GCACCACTGGGTGA,0.2392636388540268
AACTGTCTTCCTCG,0.0862383022904396
GCTCGACTAAGATG,0.09572643041610718
ATTGAATGTTGACG,0.7719264626502991
TTGTACACAAAGTG,0.2579359710216522
GATACTCTCCATAG,0.28827032446861267
TTTCCAGAACCATG,0.2117433398962021
TCATCAACTGTTCT,0.7259051203727722
GTCGCACTTCATTC,0.65313321352005
GCCATCACGGAGGT,0.39036205410957336
CACAGATGTGAGAA,0.08422929793596268
TTACGACTCGAGTT,0.18312188982963562
CCTACCGACTAGTG,0.9618375897407532
GAAGGTCTTGGATC,0.7360712289810181
TAGGCTGAATGTCG,0.5089743733406067
GGATTTCTGCGAGA,0.2418670952320099
CGACTCACCCCTCA,0.0772077664732933
CGGTAAACTTGGCA,0.07118628174066544
TTCAACACACTAGC,0.7383413314819336
TCGCACACTTGTGG,0.38644251227378845
GTCGAATGGGCATT,0.1821255385875702
GAACACACCTGGTA,0.4593997597694397
GTGACAACTTACCT,0.07622074335813522
GGATACTGGCGATT,0.9749281406402588
ATAAGTTGGGTTCA,0.17265960574150085
CGAAGACTCCGATA,0.07652150839567184
ATGTAAACTATGCG,0.10906307399272919
TCTAGACTAACGAA,0.2149968296289444
ACTGCCACGACGGA,0.8410496115684509
ACTAAAACATAAGG,0.22240328788757324
GCTCAGCTCACAAC,0.0321640819311142
GATTGGTGCGACTA,0.906328022480011
AGAATGGACTGCTC,0.38692089915275574
AAAGAGACGTCTTT,0.11569756269454956
GAGCGAGATGCCAA,0.8377007246017456
ACGTTGGACCACCT,0.23805181682109833
TACTTTCTATGACC,0.13789305090904236
AAAGCAGAGGTTTG,0.04847215488553047
TTCGTATGCCGCTT,0.8364964723587036
GAAAGATGAAGAAC,0.30138489603996277
ATCACGGAGTTTCT,0.06427723914384842
CCTCTACTGTGAGG,0.9208260178565979
CATATAGAGTACAC,0.26449277997016907
GGAGCGCTAAACGA,0.2820596992969513
ATTCTGACCATGGT,0.1597384512424469
CGATAGACGTCATG,0.8969678282737732
ATCTCAACCCTCCA,0.9383753538131714
AGGATAGACTTTAC,0.11919715255498886
AGGTTGTGGTCGAT,0.8747131824493408
ACGCTGCTAACAGA,0.3740925192832947
TTCAGTACGGTCAT,0.0964726060628891
GAGCAGGAACCAGT,0.9757004380226135
ATCCCGTGCATGGT,0.6045917868614197
ACCACCTGTATCGG,0.4209461212158203
AAACCGTGGTGTTG,0.21359103918075562
GGATGTTGCTGGAT,0.2155919373035431
